{"reInvent2019_wide": {"progress": [21.79635525251537, 100, 12.265748907121404, 100, 100, 100, 100, 100, 83.14155831010955, 100, 100, 100, 7.814090680830366, 100, 53.17359066799898, 100, 83.17511758992666, 100, 32.26574890712138, 100], "lap_time": [NaN, 30.101399, NaN, 29.574864, 32.099264, 31.188799, 32.335337, 30.439379, NaN, 30.641922, 31.497271, 30.620275, NaN, 31.111374, NaN, 30.71027, NaN, 29.959685, NaN, 30.609959]}, "reInvent2019_track": {"progress": [100, 100, 100, 100, 100, 100, 100, 100, 100, 100], "lap_time": [44.260457, 44.206183, 43.219292, 42.548079, 43.278515, 43.693287, 43.787421, 44.30222, 44.97742, 45.352973]}, "Vegas_track": {"progress": [11.51459169661797, 10.407185457660955, 2.0820360409773793, 3.124547864792307, 14.415853203109824, 3.190247958274356, 4.21294642770672, 18.021332395683444, 9.462093815434697, 8.696479355868348, 30.474386916429847, 13.96386378589427, 13.822996294220912, 3.8259109076251296, 7.95654898340975, 6.779154495496831, 9.782673905424687, 4.259761366340942, 3.307120662291363, 6.332067625202086], "lap_time": [NaN, NaN, NaN, NaN, NaN, NaN, NaN, NaN, NaN, NaN, NaN, NaN, NaN, NaN, NaN, NaN, NaN, NaN, NaN, NaN]}}