{"reInvent2019_wide": {"progress": [100, 100, 100, 100, 100, 100, 100, 100, 100, 100], "lap_time": [30.445045, 29.965995, 30.002942, 30.282207, 30.351521, 31.176476, 30.307613, 30.56015, 29.452043, 30.055876]}, "reInvent2019_track": {"progress": [100, 100, 100, 100, 100, 100, 100, 100, 100, 100], "lap_time": [44.165613, 43.408191, 42.760794, 43.472501, 43.217736, 43.6064, 43.196222, 42.576798, 43.346734, 42.957601]}, "Vegas_track": {"progress": [100, 100, 100, 100, 45.04618383398649, 100, 100, 100, 100, 100], "lap_time": [45.034955, 45.890086, 45.593724, 45.591559, NaN, 45.9344, 45.423366, 46.059832, 45.374202, 45.689839]}}