{"reInvent2019_wide": {"progress": [21.79635525251537, 100, 12.265748907121404, 100, 100, 100, 100, 100, 83.14155831010955, 100, 100, 100, 7.814090680830366, 100, 53.17359066799898, 100, 83.17511758992666, 100, 32.26574890712138, 100], "lap_time": [NaN, 30.101399, NaN, 29.574864, 32.099264, 31.188799, 32.335337, 30.439379, NaN, 30.641922, 31.497271, 30.620275, NaN, 31.111374, NaN, 30.71027, NaN, 29.959685, NaN, 30.609959]}, "reInvent2019_track": {"progress": [100, 100, 100, 100, 100, 100, 100, 100, 100, 100, 100, 100, 75.58139959602298, 100, 100, 100, 49.319463034986434, 100, 100, 100], "lap_time": [44.260457, 44.206183, 43.219292, 42.548079, 43.278515, 43.693287, 43.787421, 44.30222, 44.97742, 45.352973, 44.363516, 44.278022, NaN, 43.891403, 44.585531, 44.582082, NaN, 44.457552, 44.553493, 43.690909]}, "Vegas_track": {"progress": [13.795577354050714, 15.546310330991062, 4.75354726817106, 4.833185059336878, 3.190247958274356, 3.291223505040297, 5.454237982891774, 33.822996294220914, 9.363400440240222, 5.449226378861277], "lap_time": [NaN, NaN, NaN, NaN, NaN, NaN, NaN, NaN, NaN, NaN]}}